ID,value
nsr103_rs3_0-23,2939.6684645753985
nsr103_rs3_0-23,2939.6684645753985
nsr103_rs3_0-23,2939.5753345753956
nsr103_rs3_0-23,2939.5751545753956
nsr103_rs1_14-20,33247.62852000026
nsr103_rs3_14-20,1233.9795527353112
sr102_rs3_24h,1233.9795527353112
sr102_rs1_14-20,80883.34360000018
sr102_rs3_14-20,17934.55381405353
sr102_rs3_14-20,17934.553724053527
nsr103_RS3_0-23,2939.5751545753956
nsr103_rs1_14-20,33247.62852000026
nsr103_rs3_14-20,1233.9795527353112
sr102_rs3_24h,64475.72295218599
