ID,value
nsr103_rs3_0-23,2939.6684645753985
nsr103_rs3_0-23,2939.6684645753985
nsr103_rs3_0-23,2939.5753345753956
